sample_id,location,land_use,elevation_m_paper,biome,env_feature,soil_type_wrb,longitude,latitude,precip_mm_paper,mat_c_paper,toc_stock_t_ha,tn_stock_t_ha,season,tc,toc,tic,loi,tn,bd,sm_grav,sm_vol,ph_sn,ph_su,ec,sampling_dt,era5_precip_mm,era5_mat_c,era5_elevation_m,climate_is_fallback,precip_mm,mat_c,elevation_m,doy,is_september,cn_ratio,carbonate_frac
1,petropavlovsk town,shrub cover,94.133,temperate shrubland,scrubland,chernozem,69.10011202,54.89328302,357.5365217391304,1.5558695652173893,21.76719195,1.9380375000000003,may,11.225,10.775,0.4499999999999993,17.61033596230689,0.845,1.4448819535864814,23.55121938695865,0.37885242441733313,7.14666666666667,7.113333333333333,645.15,2015-05-25 16:45:00,438.7266666666666,3.1017521445519254,97.0,0,438.7266666666666,3.1017521445519254,97.0,145,0,12.751479289940828,0.040089086859688136
1,petropavlovsk town,shrub cover,94.133,temperate shrubland,scrubland,chernozem,69.10011202,54.89328302,357.5365217391304,1.5558695652173893,21.76719195,1.9380375000000003,sep,9.413333333333334,9.013333333333334,0.40000000000000036,18.616047124807224,0.76,1.7723818150770903,22.2,0.35704720527717515,6.993333333333333,7.07,333.06666666666666,2015-09-17 18:50:00,438.7266666666666,3.1017521445519254,97.0,0,438.7266666666666,3.1017521445519254,97.0,260,1,11.859649122807017,0.04249291784702553
2,bishkul village,crop cover,108.423,temperate grassland,steppe soil,chernozem,69.0990969725,54.7481480241,357.5365217391304,1.5558695652173893,45.343799999999995,4.276800000000001,may,27.240000000000002,23.846666666666668,3.3933333333333344,49.18630127736162,1.94,1.6,17.97885483953323,0.29135439376587857,6.573333333333333,6.04,75.70333333333333,2015-05-25 18:00:00,429.3133333333333,3.2185982843584595,112.0,0,429.3133333333333,3.2185982843584595,112.0,145,0,12.292096219931272,0.12457170827214883
2,bishkul village,crop cover,108.423,temperate grassland,steppe soil,chernozem,69.0990969725,54.7481480241,357.5365217391304,1.5558695652173893,45.343799999999995,4.276800000000001,sep,19.365000000000002,18.659999999999997,0.7050000000000054,41.781786555067505,1.58,1.6410784447280653,17.99,0.2914877544206438,6.41,6.38,168.36666666666667,2015-09-17 17:52:00,429.3133333333333,3.2185982843584595,112.0,0,429.3133333333333,3.2185982843584595,112.0,260,1,11.810126582278478,0.03640588690937285
3,astrakhanka village,tree cover,139.003,temperate broadleaf forest,broadleaf forest,chernozem,69.193820022,54.5429850183,357.5365217391304,1.5558695652173893,73.64700000000002,6.3315,may,48.39666666666667,47.765,0.6316666666666677,79.24401800891911,3.54,1.280285825591109,45.519752102506004,0.5477894446700796,6.58666666666667,6.19,135.0666666666667,2015-05-25 19:00:00,430.2566666666667,3.204982661069538,141.0,0,430.2566666666667,3.204982661069538,141.0,145,0,13.492937853107344,0.013051863075969441
3,astrakhanka village,tree cover,139.003,temperate broadleaf forest,broadleaf forest,chernozem,69.193820022,54.5429850183,357.5365217391304,1.5558695652173893,73.64700000000002,6.3315,sep,51.510000000000005,40.915000000000006,10.594999999999999,83.98942917962357,3.495,1.1265350352372592,43.12,0.5189289548752791,6.976666666666667,6.933333333333334,915.0666666666666,2015-09-17 17:05:00,430.2566666666667,3.204982661069538,141.0,0,430.2566666666667,3.204982661069538,141.0,260,1,11.70672389127325,0.20568821588041153
4,rublivka village,grass cover,127.015,temperate grassland,steppe soil,chernozem,69.1581530124,54.2703310121,346.1130434782609,1.7744927536231878,32.688,4.202999999999999,may,36.599999999999994,32.47666666666667,4.123333333333328,67.34507869572367,2.885,1.3177579365079364,28.769841269841276,0.3439569376480348,7.363333333333333,7.330000000000001,148.16666666666666,2015-05-25 19:50:00,412.72,3.4196294944332912,130.0,0,412.72,3.4196294944332912,130.0,145,0,11.257076834199886,0.11265938069216744
4,rublivka village,grass cover,127.015,temperate grassland,steppe soil,chernozem,69.1581530124,54.2703310121,346.1130434782609,1.7744927536231878,32.688,4.202999999999999,sep,27.105,18.16,8.945,42.72114394277084,1.7850000000000001,1.0733358068422212,23.71,0.28351896355611816,7.693333333333334,7.64,695.4333333333334,2015-09-17 16:15:00,412.72,3.4196294944332912,130.0,0,412.72,3.4196294944332912,130.0,260,1,10.173669467787114,0.33001291274672573
5,roshinskoe village,grass cover,127.865,temperate grassland,steppe soil,chernozem,69.1613340285,54.0181610361,346.1130434782609,1.7744927536231878,42.27629999999999,4.1124,may,34.269999999999996,31.08666666666667,3.1833333333333265,63.17110138539455,3.335,0.6768130996440966,34.289990325815864,0.3155159787259623,8.700000000000001,8.57,709.4666666666667,2015-05-25 20:30:00,404.0633333333333,3.4421062237634605,131.0,0,404.0633333333333,3.4421062237634605,131.0,145,0,9.321339330334833,0.09288979671238187
5,roshinskoe village,grass cover,127.865,temperate grassland,steppe soil,chernozem,69.1613340285,54.0181610361,346.1130434782609,1.7744927536231878,42.27629999999999,4.1124,sep,33.379999999999995,30.634999999999998,2.7449999999999974,64.0793625677204,2.625,1.163467261858148,21.07,0.19384915144933137,7.580000000000001,7.446666666666666,699.6999999999999,2015-09-17 15:00:00,404.0633333333333,3.4421062237634605,131.0,0,404.0633333333333,3.4421062237634605,131.0,260,1,11.67047619047619,0.08223487118034745
6,obukhovka village,grass cover,188.194,temperate grassland,steppe soil,chernozem,69.4388279971,53.6589269992,332.2260869565216,1.6171014492753626,45.5949,5.232600000000001,may,44.115,41.61333333333334,2.501666666666665,71.27915661339833,3.89,1.0093931623931625,25.77991452991453,0.27921056178034404,6.986666666666667,6.573333333333333,158.53333333333333,2015-05-25 21:10:00,405.42333333333335,3.5848147472166456,190.0,0,405.42333333333335,3.5848147472166456,190.0,145,0,10.69751499571551,0.056707846915259326
6,obukhovka village,grass cover,188.194,temperate grassland,steppe soil,chernozem,69.4388279971,53.6589269992,332.2260869565216,1.6171014492753626,45.5949,5.232600000000001,sep,35.495000000000005,28.145,7.350000000000005,62.05282295000873,2.5700000000000003,1.1567161300200766,21.97,0.2379475368273435,7.010000000000001,7.366666666666667,450.26666666666665,2015-09-17 13:50:00,405.42333333333335,3.5848147472166456,190.0,0,405.42333333333335,3.5848147472166456,190.0,260,1,10.951361867704279,0.20707141850964936
7,kokshetau town,shrub cover,250.348,temperate shrubland,steppe soil,chernozem,69.4723530114,53.2594230305,323.71565217391304,1.3937681159420279,38.1907,3.7701,may,27.729999999999997,25.073333333333334,2.6566666666666627,38.22541649280488,2.4699999999999998,0.9322092115534739,22.31589903721051,0.2637626035042447,6.18,6.016666666666666,238.29999999999998,2015-05-26 08:40:00,399.13666666666666,3.3857364482569814,252.0,0,399.13666666666666,3.3857364482569814,252.0,146,0,10.151147098515521,0.09580478422887354
7,kokshetau town,shrub cover,250.348,temperate shrubland,steppe soil,chernozem,69.4723530114,53.2594230305,323.71565217391304,1.3937681159420279,38.1907,3.7701,sep,22.826666666666664,21.576666666666668,1.2499999999999964,42.53653425810518,1.79,1.4316893121335592,12.18,0.14392685635027622,5.923333333333333,5.763333333333333,673.2333333333332,2015-09-18 15:30:00,399.13666666666666,3.3857364482569814,252.0,0,399.13666666666666,3.3857364482569814,252.0,261,1,12.054003724394786,0.05476051401869144
8,kenesary village,grass cover,327.493,temperate grassland,steppe soil,chernozem,69.8902260046,53.1068569701,324.95130434782607,1.4015217391304355,39.0987,4.07835,may,31.090000000000003,28.155,2.9350000000000023,61.00257876674398,2.92,0.839657477712189,34.40175955373524,0.3721794200001841,7.996666666666667,7.969999999999999,130.5,2015-05-26 09:15:00,413.0733333333334,3.035006388027012,330.0,0,413.0733333333334,3.035006388027012,330.0,146,0,9.642123287671234,0.09440334512705056
8,kenesary village,grass cover,327.493,temperate grassland,steppe soil,chernozem,69.8902260046,53.1068569701,324.95130434782607,1.4015217391304355,39.0987,4.07835,sep,27.935000000000002,24.134999999999998,3.8000000000000043,71.02261174740838,2.115,1.3240656825425794,21.0,0.22717435337989683,7.0,7.239999999999999,,2015-09-18 16:09:00,413.0733333333334,3.035006388027012,330.0,0,413.0733333333334,3.035006388027012,330.0,261,1,11.411347517730494,0.1360300698049044
9,shuchinsk village,crop cover,407.036,temperate grassland,steppe soil,chernozem,70.2038380131,52.8430580255,328.1321739130434,1.213913043478261,63.58005,5.014574999999999,may,39.095,37.67000000000001,1.42499999999999,51.81614769815576,2.98,1.389914825271347,27.983687809774764,0.38535629941364385,8.993333333333332,8.523333333333333,478.6333333333334,2015-05-26 10:00:00,389.27,2.653221390764738,412.0,0,389.27,2.653221390764738,412.0,146,0,12.64093959731544,0.036449673871338795
9,shuchinsk village,crop cover,407.036,temperate grassland,steppe soil,chernozem,70.2038380131,52.8430580255,328.1321739130434,1.213913043478261,63.58005,5.014574999999999,sep,33.425,30.715,2.7099999999999973,78.03521422822263,1.865,1.3642346790241078,17.96,0.24726170645284634,6.123333333333332,6.333333333333333,362.0,2015-09-18 17:04:00,389.27,2.653221390764738,412.0,0,389.27,2.653221390764738,412.0,261,1,16.469168900804288,0.0810770381451009
10,makinka village,tree cover,416.058,temperate mixed forest,mixed forest,chernozem,70.5614609644,52.5971349981,329.8582608695652,1.42536231884058,35.26199999999999,2.6189999999999998,may,9.316666666666666,9.283333333333333,0.033333333333333215,27.221365069213228,1.2599999999999998,1.1873914453279197,21.364804945170878,0.30744910200840525,4.6000000000000005,4.126666666666666,59.75333333333333,2015-05-26 10:40:00,373.35333333333335,2.640709983573645,418.0,0,373.35333333333335,2.640709983573645,418.0,146,0,7.367724867724869,0.003577817531305891
10,makinka village,tree cover,416.058,temperate mixed forest,mixed forest,chernozem,70.5614609644,52.5971349981,329.8582608695652,1.42536231884058,35.26199999999999,2.6189999999999998,sep,19.0,16.325,2.6750000000000007,26.244410333183282,1.165,1.6906980429444982,7.51,0.10808734147354784,5.953333333333333,5.323333333333333,209.63333333333333,2015-09-18 17:43:00,373.35333333333335,2.640709983573645,418.0,0,373.35333333333335,2.640709983573645,418.0,261,1,14.012875536480685,0.14078947368421058
11,krasniy gornyak village,shrub cover,384.35,temperate grassland,steppe soil,chernozem,70.9449910372,52.1775570419,324.7660869565217,1.904927536231885,24.900749999999995,3.632475000000001,may,28.65,25.813333333333333,2.836666666666666,43.44224654905646,2.7,0.8179169865349807,24.961744354588927,0.2965679782003659,7.87,7.866666666666667,99.29666666666668,2015-05-26 11:20:00,363.8433333333333,3.055749224311006,387.0,0,363.8433333333333,3.055749224311006,387.0,146,0,9.560493827160492,0.09901105293775449
11,krasniy gornyak village,shrub cover,384.35,temperate grassland,steppe soil,chernozem,70.9449910372,52.1775570419,324.7660869565217,1.904927536231885,24.900749999999995,3.632475000000001,sep,18.925,13.95,4.975000000000001,37.57877670216039,1.3699999999999999,1.5582629265993428,15.03,0.17862619791710707,7.113333333333333,7.456666666666666,359.5333333333333,2015-09-18 18:22:00,363.8433333333333,3.055749224311006,387.0,0,363.8433333333333,3.055749224311006,387.0,261,1,10.182481751824819,0.262879788639366
12,bozaigyr,grass cover,407.792,temperate grassland,steppe soil,kastanozem,71.1892660148,51.5023870301,320.09130434782605,2.1377536231884036,31.45499999999999,4.1137500000000005,may,33.406666666666666,30.745,2.6616666666666653,54.05491713831654,3.3600000000000003,0.7748669649678053,28.253058799277294,0.28378350360538057,8.383333333333335,7.953333333333333,109.5,2015-05-26 12:10:00,363.74,3.5170651578755248,410.0,0,363.74,3.5170651578755248,410.0,146,0,9.150297619047619,0.07967471562562359
12,bozaigyr,grass cover,407.792,temperate grassland,steppe soil,kastanozem,71.1892660148,51.5023870301,320.09130434782605,2.1377536231884036,31.45499999999999,4.1137500000000005,sep,29.795,20.97,8.825000000000003,54.55371944914893,2.125,1.234002273681714,16.26,0.16331450210866477,6.996666666666666,7.53,379.2333333333333,2015-09-18 19:42:00,363.74,3.5170651578755248,410.0,0,363.74,3.5170651578755248,410.0,261,1,9.868235294117646,0.2961906360127539
13,5 km from taraz town,grass cover,592.175,montane temperate grassland,grassland,umbrisol,71.5081860311,42.9388099629,404.18434782608693,5.696304347826088,25.192125000000004,2.9161125,may,28.636666666666667,12.775,15.861666666666666,17.926250851703127,1.51,1.2990680259497889,7.2094267178722236,0.10565299905729274,7.326666666666665,8.1,216.70000000000002,2015-05-28 07:50:00,424.6433333333333,11.533847417411936,591.0,0,424.6433333333333,11.533847417411936,591.0,148,0,8.460264900662251,0.5538936095914329
13,5 km from taraz town,grass cover,592.175,montane temperate grassland,grassland,umbrisol,71.5081860311,42.9388099629,404.18434782608693,5.696304347826088,25.192125000000004,2.9161125,sep,28.035,11.425,16.61,44.347749010497864,1.135,1.631900092702218,10.92,0.16006726190243323,7.496666666666667,8.266666666666667,352.1333333333334,2015-09-23 10:00:00,424.6433333333333,11.533847417411936,591.0,0,424.6433333333333,11.533847417411936,591.0,266,1,10.066079295154186,0.5924736935972891
14,akyrtobe,crop cover,605.374,temperate grassland,steppe soil,umbrisol,71.9999600016,42.9989020061,423.59478260869554,3.0024637681159403,18.600975,2.4728625,may,18.273333333333333,10.205,8.068333333333333,16.187274571191292,1.31,1.3280016858714947,5.142736723464682,0.07852692239595171,7.753333333333334,8.23,193.66666666666666,2015-05-28 09:10:00,596.7900000000001,11.5218196751232,604.0,0,596.7900000000001,11.5218196751232,604.0,148,0,7.790076335877862,0.4415359357898577
14,akyrtobe,crop cover,605.374,temperate grassland,steppe soil,umbrisol,71.9999600016,42.9989020061,423.59478260869554,3.0024637681159403,18.600975,2.4728625,sep,21.475,8.105,13.370000000000001,43.33804473686905,0.845,1.7258945945253497,5.59,0.085289748223824,7.71,8.326666666666666,240.46666666666667,2015-09-23 10:44:00,596.7900000000001,11.5218196751232,604.0,0,596.7900000000001,11.5218196751232,604.0,266,1,9.591715976331361,0.6225844004656578
15,kokdonen,grass cover,751.884,montane temperate grassland,grassland,umbrisol,72.5784709956,42.9302839749,408.4113043478261,4.10659420289856,26.611199999999997,3.2184000000000004,may,22.97666666666667,12.495000000000001,10.48166666666667,24.10242196593648,1.61,1.2162543435846116,6.441973570414491,0.09249023920170983,7.373333333333332,8.1,256.5,2015-05-28 09:45:00,749.0733333333334,9.719337470341303,753.0,0,749.0733333333334,9.719337470341303,753.0,148,0,7.760869565217392,0.4561874365298129
15,kokdonen,grass cover,751.884,montane temperate grassland,grassland,umbrisol,72.5784709956,42.9302839749,408.4113043478261,4.10659420289856,26.611199999999997,3.2184000000000004,sep,24.59,12.32,12.27,37.55757250898799,1.3699999999999999,1.6552333384422075,6.27,0.09005240789665422,7.283333333333334,7.833333333333333,345.5,2015-09-23 11:30:00,749.0733333333334,9.719337470341303,753.0,0,749.0733333333334,9.719337470341303,753.0,266,1,8.992700729927009,0.49898332655551036
16,merke,grass cover,670.0,temperate grassland,flood plain,arenosol,73.1852239743,42.9244869668,431.704347826087,1.2213043478260874,35.002125,3.6703125000000005,may,26.429999999999996,15.485,10.944999999999997,30.082566516458225,1.845,1.3342113438657643,11.052577075615716,0.14964762639042808,7.3933333333333335,8.049999999999999,312.76666666666665,2015-05-28 10:30:00,604.77,10.036046723854716,669.0,0,604.77,10.036046723854716,669.0,148,0,8.392953929539296,0.4141127506621263
16,merke,grass cover,670.0,temperate grassland,flood plain,arenosol,73.1852239743,42.9244869668,431.704347826087,1.2213043478260874,35.002125,3.6703125000000005,sep,24.82,17.285,7.535,49.240176015892516,1.7800000000000002,1.3737114335365865,17.25,0.23350823214787972,7.293333333333334,7.703333333333333,449.8333333333333,2015-09-23 12:20:00,604.77,10.036046723854716,669.0,0,604.77,10.036046723854716,669.0,266,1,9.71067415730337,0.30358581788879935
17,zhdanovo,grass cover,628.0,temperate grassland,steppe soil,regosol,73.2451049611,43.0241290201,318.891304347826,10.530289855072473,45.265200000000014,3.9647250000000005,may,27.0,16.675,10.325,19.60765909858813,1.82,1.355146924172615,9.65687172182567,0.1297773643248538,7.213333333333334,7.773333333333333,3265.6666666666665,2015-05-28 11:10:00,624.2766666666666,10.244999087424713,300.0,0,624.2766666666666,10.244999087424713,300.0,148,0,9.162087912087912,0.38240740740740736
17,zhdanovo,grass cover,628.0,temperate grassland,steppe soil,regosol,73.2451049611,43.0241290201,318.891304347826,10.530289855072473,45.265200000000014,3.9647250000000005,sep,36.055,22.520000000000003,13.534999999999997,45.48897325183363,2.125,1.3326254384829601,13.47,0.18096610857749937,7.239999999999999,7.783333333333334,590.1999999999999,2015-09-23 12:56:00,624.2766666666666,10.244999087424713,300.0,0,624.2766666666666,10.244999087424713,300.0,266,1,10.597647058823531,0.3753986964360005
18,tasytkel,grass cover,511.611,temperate grassland,steppe soil,regosol,73.5743410047,43.3324020077,335.10434782608684,10.716159420289843,10.881224999999999,3.3856124999999997,may,27.209999999999997,21.98,5.229999999999997,24.233249206223242,2.79,1.1222596368466065,3.253479582189113,0.04457422331257854,7.1066666666666665,7.736666666666667,336.43333333333334,2015-05-28 12:00:00,451.0266666666666,12.717767840846868,300.0,0,451.0266666666666,12.717767840846868,300.0,148,0,7.878136200716846,0.19220874678427038
18,tasytkel,grass cover,511.611,temperate grassland,steppe soil,regosol,73.5743410047,43.3324020077,335.10434782608684,10.716159420289843,10.881224999999999,3.3856124999999997,sep,16.9,5.295,11.604999999999999,28.931735268885326,0.505,1.61783581742202,9.01,0.1234153967224247,7.626666666666666,8.183333333333332,652.8666666666667,2015-09-23 13:46:00,451.0266666666666,12.717767840846868,300.0,0,451.0266666666666,12.717767840846868,300.0,266,1,10.485148514851485,0.6866863905325443
19,birlik,grass cover,457.965,temperate grassland,flood plain,regosol,73.7880620174,43.6658330262,300.51130434782607,10.709420289855077,39.0285,3.5626499999999997,may,23.939999999999998,16.4,7.539999999999999,30.888404577845744,1.81,1.2872739413074947,14.181737246167026,0.17904982655355503,6.903333333333333,7.693333333333334,4925.666666666667,2015-05-28 14:00:00,355.77000000000004,12.291093265194377,455.0,0,355.77000000000004,12.291093265194377,455.0,148,0,9.060773480662982,0.31495405179615704
19,birlik,grass cover,457.965,temperate grassland,flood plain,regosol,73.7880620174,43.6658330262,300.51130434782607,10.709420289855077,39.0285,3.5626499999999997,sep,28.439999999999998,20.65,7.789999999999999,20.536055990945414,1.96,1.237802134048845,14.52,0.1832754151118601,7.043333333333333,7.353333333333334,880.6,2015-09-23 15:34:00,355.77000000000004,12.291093265194377,455.0,0,355.77000000000004,12.291093265194377,455.0,266,1,10.535714285714285,0.27390998593530236
20,kenes,grass cover,418.163,temperate grassland,steppe soil,chernozem+solonetz,73.5785980057,43.9649480302,300.51130434782607,10.709420289855077,22.891199999999998,2.5821,may,19.726666666666667,11.125,8.601666666666667,21.12504981848567,1.2850000000000001,1.4682918363758741,13.629891977889777,0.20754401155714364,7.599999999999999,8.06,374.26666666666665,2015-05-28 15:00:00,336.13666666666666,12.284814747216643,420.0,0,336.13666666666666,12.284814747216643,420.0,148,0,8.657587548638132,0.4360425819533626
20,kenes,grass cover,418.163,temperate grassland,steppe soil,chernozem+solonetz,73.5785980057,43.9649480302,300.51130434782607,10.709420289855077,22.891199999999998,2.5821,sep,20.095,10.04,10.055,26.922736741208805,0.98,1.5771323174933372,9.46,0.14411366907828718,7.5,7.963333333333334,575.1,2015-09-23 16:25:00,336.13666666666666,12.284814747216643,420.0,0,336.13666666666666,12.284814747216643,420.0,266,1,10.244897959183673,0.500373227170938
21,khantau,barren land,397.082,desert shrubland,desert scrubland,arenosol,73.6995620281,44.1545030102,272.69913043478255,9.972898550724658,19.3158,1.7954999999999999,may,10.934999999999999,5.654999999999999,5.279999999999999,5.520989128525276,0.605,1.6657136909468238,2.016841709010368,0.033884552979188194,8.643333333333333,8.983333333333333,169.6,2015-05-28 15:30:00,281.29,12.161726592443877,300.0,0,281.29,12.161726592443877,300.0,148,0,9.347107438016527,0.4828532235939643
21,khantau,barren land,397.082,desert shrubland,desert scrubland,arenosol,73.6995620281,44.1545030102,272.69913043478255,9.972898550724658,19.3158,1.7954999999999999,sep,20.125,7.665,12.46,24.311606155773944,0.8200000000000001,1.6944462045162847,7.1,0.11933154247151342,8.566666666666666,8.756666666666666,5760.0,2015-09-23 17:20:00,281.29,12.161726592443877,300.0,0,281.29,12.161726592443877,300.0,266,1,9.347560975609756,0.6191304347826088
22,mirnyi,barren land,526.997,temperate desert,desert scrubland,arenosol,73.9253330324,44.5358330011,229.1617391304348,9.625579710144935,20.500275000000002,2.1253875,may,20.533333333333335,9.370000000000001,11.163333333333334,10.806967291556493,0.9249999999999999,1.3409257095205023,4.219592177106988,0.06634593344712617,7.78,8.186666666666667,333.8,2015-05-28 16:20:00,253.70666666666665,10.613104581127942,527.0,0,253.70666666666665,10.613104581127942,527.0,148,0,10.129729729729732,0.5436688311688311
22,mirnyi,barren land,526.997,temperate desert,desert scrubland,arenosol,73.9253330324,44.5358330011,229.1617391304348,9.625579710144935,20.500275000000002,2.1253875,sep,19.354999999999997,8.705,10.649999999999997,12.43188046726606,0.88,1.803735210419873,4.46,0.07017589774270547,7.746666666666667,8.253333333333334,222.63333333333335,2015-09-23 18:08:00,253.70666666666665,10.613104581127942,527.0,0,253.70666666666665,10.613104581127942,527.0,266,1,9.892045454545455,0.5502454146215447
23,"barylbaytal, lake balkhash",shrub cover,365.974,temperate desert,desert scrubland,arenosol,74.01529097,44.9767849781,234.6191304347826,9.880144927536234,9.677249999999999,1.2495,may,18.883333333333333,6.119999999999999,12.763333333333334,7.152339006585033,0.585,1.5469899951259614,3.3131253046274183,0.05637361951382214,7.56,8.006666666666668,969.7666666666668,2015-05-28 17:20:00,167.39333333333337,10.113095455375069,300.0,0,167.39333333333337,10.113095455375069,300.0,148,0,10.461538461538462,0.6759046778464255
23,"barylbaytal, lake balkhash",shrub cover,365.974,temperate desert,desert scrubland,arenosol,74.01529097,44.9767849781,234.6191304347826,9.880144927536234,9.677249999999999,1.2495,sep,14.72,3.795,10.925,12.855087240045048,0.395,1.8560578469717788,4.62,0.07864271539019459,8.546666666666667,8.653333333333334,142.96666666666667,2015-09-23 19:24:00,167.39333333333337,10.113095455375069,300.0,0,167.39333333333337,10.113095455375069,300.0,266,1,9.60759493670886,0.7421875
24,"akerme, lake balkhash",shrub cover,363.387,temperate desert,desert scrubland,arenosol,73.7403409928,45.3242240008,192.1356521739131,9.09115942028984,12.282000000000002,1.3800000000000001,may,17.475,5.035,12.440000000000001,7.015052492385262,0.495,1.8389713739125937,3.2120329519687467,0.05897424503453566,8.013333333333334,8.33,136.13333333333335,2015-05-28 18:10:00,160.34,9.301679138528929,368.0,0,160.34,9.301679138528929,368.0,148,0,10.171717171717171,0.7118741058655222
24,"akerme, lake balkhash",shrub cover,363.387,temperate desert,desert scrubland,arenosol,73.7403409928,45.3242240008,192.1356521739131,9.09115942028984,12.282000000000002,1.3800000000000001,sep,15.719999999999999,4.45,11.27,13.144833494892431,0.505,1.8331107643802356,4.53,0.08308968973641785,8.86,9.183333333333334,5474.666666666667,2015-09-23 20:20:00,160.34,9.301679138528929,368.0,0,160.34,9.301679138528929,368.0,266,1,8.811881188118813,0.7169211195928753
25,"zhastar, lake balkhash",barren land,342.673,temperate desert,barren land,arenosol,73.4062970057,45.5847479682,180.21391304347827,8.152463768115949,8.9775,1.197,may,24.186666666666667,7.855,16.331666666666667,7.00309954244115,0.77,1.2846766253603934,8.237383902829036,0.11513482123818122,8.196666666666667,8.493333333333334,9176.333333333334,2015-05-28 19:00:00,145.60333333333335,8.834832998722396,344.0,0,145.60333333333335,8.834832998722396,344.0,148,0,10.201298701298702,0.6752342888643881
25,"zhastar, lake balkhash",barren land,342.673,temperate desert,barren land,arenosol,73.4062970057,45.5847479682,180.21391304347827,8.152463768115949,8.9775,1.197,sep,17.994999999999997,4.2749999999999995,13.719999999999999,8.75509726186705,0.37,1.5107453832746836,11.45,0.15997041452995966,8.07,8.533333333333333,6940.0,2015-09-23 21:10:00,145.60333333333335,8.834832998722396,344.0,0,145.60333333333335,8.834832998722396,344.0,266,1,11.554054054054053,0.7624340094470686
26,"saryshagan, lake balkhash",barren land,344.272,temperate desert,desert,solonchak+solonetz,73.6841359735,46.2545839883,168.09391304347827,7.470072463768111,15.0849,1.7100750000000005,may,19.153333333333332,7.335,11.818333333333332,6.821533923303949,0.8300000000000001,1.2723620383368657,9.116997261652457,0.13805928816641894,7.6000000000000005,8.026666666666666,312.3666666666666,2015-05-28 20:10:00,148.94666666666666,8.246002920240919,346.0,0,148.94666666666666,8.246002920240919,346.0,148,0,8.83734939759036,0.6170379394361294
26,"saryshagan, lake balkhash",barren land,344.272,temperate desert,desert,solonchak+solonetz,73.6841359735,46.2545839883,168.09391304347827,7.470072463768111,15.0849,1.7100750000000005,sep,13.06,6.66,6.4,8.527753358130122,0.68,1.7562510811694643,5.68,0.0860022986520013,8.046666666666667,8.143333333333333,270.93333333333334,2015-09-24 11:15:00,148.94666666666666,8.246002920240919,346.0,0,148.94666666666666,8.246002920240919,346.0,267,1,9.794117647058822,0.4900459418070444
27,"gulshat, lake balkhash",barren land,349.686,temperate desert,desert,arenosol,74.1808290314,46.5502329916,175.5078260869565,6.571739130434789,13.883999999999997,1.528575,may,15.613333333333332,5.785,9.828333333333331,9.152863417779306,0.5700000000000001,1.6027996552905057,3.4458038981623047,0.06134980656962267,7.866666666666667,8.176666666666668,181.26666666666665,2015-05-28 21:00:00,134.39,8.053276145281986,352.0,0,134.39,8.053276145281986,352.0,148,0,10.149122807017543,0.6294833475661827
27,"gulshat, lake balkhash",barren land,349.686,temperate desert,desert,arenosol,74.1808290314,46.5502329916,175.5078260869565,6.571739130434789,13.883999999999997,1.528575,sep,14.32,5.199999999999999,9.120000000000001,11.17119944151217,0.5750000000000001,1.9580417825883392,5.04,0.08976205773271803,7.953333333333333,8.396666666666667,196.26666666666665,2015-09-24 12:05:00,134.39,8.053276145281986,352.0,0,134.39,8.053276145281986,352.0,267,1,9.043478260869563,0.6368715083798884
28,balkhash town,barren land,373.0,temperate desert,desert,arenosol+solonetz,74.5461220108,46.7488310393,177.61391304347822,6.599130434782608,16.191999999999997,1.3662000000000003,may,13.69,5.01,8.680000000000001,7.955776226635313,0.46499999999999997,1.5363296993807924,3.9793937887004778,0.06998758361619246,8.116666666666667,8.456666666666667,163.29999999999998,2015-05-28 21:30:00,145.54,7.67176492060595,300.0,0,145.54,7.67176492060595,300.0,148,0,10.774193548387098,0.6340394448502558
28,balkhash town,barren land,373.0,temperate desert,desert,arenosol+solonetz,74.5461220108,46.7488310393,177.61391304347822,6.599130434782608,16.191999999999997,1.3662000000000003,sep,12.786666666666667,6.133333333333333,6.653333333333334,6.79535602166212,0.5700000000000001,1.9811700573003614,2.69,0.047363533459934125,8.146666666666667,8.346666666666666,229.20000000000002,2015-09-24 12:40:00,145.54,7.67176492060595,300.0,0,145.54,7.67176492060595,300.0,267,1,10.760233918128653,0.5203336809176226
29,konyrat settlement,barren land,417.689,temperate desert,desert,arenosol+solonetz,74.9498590082,46.9383720215,177.61391304347822,6.599130434782608,15.835299999999998,1.7998499999999997,may,12.915,7.609999999999999,5.305,14.43675706497206,0.7000000000000001,1.536945882034804,3.940882372824735,0.06654926081466905,7.79,8.156666666666666,199.70000000000002,2015-05-29 08:45:00,147.67999999999998,7.3664446066800515,418.0,0,147.67999999999998,7.3664446066800515,418.0,149,0,10.87142857142857,0.410762679055362
29,konyrat settlement,barren land,417.689,temperate desert,desert,arenosol+solonetz,74.9498590082,46.9383720215,177.61391304347822,6.599130434782608,15.835299999999998,1.7998499999999997,sep,7.706666666666666,6.246666666666666,1.46,9.470863031628856,0.72,1.8404327890297805,3.24,0.05466240433554502,7.706666666666666,7.913333333333334,180.63333333333335,2015-09-24 13:55:00,147.67999999999998,7.3664446066800515,418.0,0,147.67999999999998,7.3664446066800515,418.0,267,1,8.675925925925926,0.18944636678200694
30,bektau ata mountains,grass cover,597.409,temperate desert,temperate desert,arenosol+solonetz,74.7245790157,47.354803998,197.0052173913044,4.922608695652166,14.666100000000002,1.8675,may,10.03,7.234999999999999,2.795,15.95707555252746,0.7250000000000001,1.6054874198393638,5.559563538860949,0.0921154288368018,6.96,7.3133333333333335,422.5,2015-05-29 09:30:00,186.38333333333333,6.005466325971892,600.0,0,186.38333333333333,6.005466325971892,600.0,149,0,9.979310344827585,0.27866400797607177
30,bektau ata mountains,grass cover,597.409,temperate desert,temperate desert,arenosol+solonetz,74.7245790157,47.354803998,197.0052173913044,4.922608695652166,14.666100000000002,1.8675,sep,8.27,5.890000000000001,2.379999999999999,5.995843842919159,0.775,1.708277368953922,9.68,0.1604169741423646,7.68,7.993333333333333,264.09999999999997,2015-09-24 14:40:00,186.38333333333333,6.005466325971892,600.0,0,186.38333333333333,6.005466325971892,600.0,267,1,7.6000000000000005,0.28778718258766617
31,eski karabulak,grass cover,614.742,temperate grassland,steppe soil,arenosol,74.325937964,47.6743130106,208.15304347826086,4.2858695652173875,18.316200000000002,2.382975,may,7.095,5.93,1.165,14.943155530946797,0.9800000000000001,1.73241940132011,3.754477704438333,0.06685953787866315,6.653333333333333,6.986666666666667,97.12,2015-05-29 10:10:00,210.00666666666663,5.342453002372696,617.0,0,210.00666666666663,5.342453002372696,617.0,149,0,6.051020408163264,0.164200140944327
31,eski karabulak,grass cover,614.742,temperate grassland,steppe soil,arenosol,74.325937964,47.6743130106,208.15304347826086,4.2858695652173875,18.316200000000002,2.382975,sep,7.31,6.859999999999999,0.4500000000000002,10.940758479512306,0.805,1.8291698913084307,5.26,0.0937343860371578,7.5200000000000005,7.713333333333334,172.0666666666667,2015-09-24 15:30:00,210.00666666666663,5.342453002372696,617.0,0,210.00666666666663,5.342453002372696,617.0,267,1,8.521739130434781,0.061559507523939835
32,zharylgap batyr,grass cover,724.869,temperate grassland,steppe soil,arenosol,73.9135779999,48.0380669888,247.05478260869563,2.886231884057971,24.657549999999997,2.5363124999999997,may,8.695,8.43,0.26500000000000057,16.42833074537702,0.87,1.4661090146169633,6.018652909169016,0.10032931881235115,6.359999999999999,6.876666666666666,129.3,2015-05-29 11:00:00,243.95666666666665,4.26858003285271,727.0,0,243.95666666666665,4.26858003285271,727.0,149,0,9.689655172413794,0.030477285796434796
32,zharylgap batyr,grass cover,724.869,temperate grassland,steppe soil,arenosol,73.9135779999,48.0380669888,247.05478260869563,2.886231884057971,24.657549999999997,2.5363124999999997,sep,9.913333333333332,9.843333333333334,0.06999999999999851,14.61771108342531,1.155,1.8678369855702597,6.28,0.10468809147445492,6.8566666666666665,6.623333333333334,229.5,2015-09-24 16:22:00,243.95666666666665,4.26858003285271,727.0,0,243.95666666666665,4.26858003285271,727.0,267,1,8.522366522366523,0.0070611970410220425
33,batystau village,shrub cover,817.191,temperate grassland,steppe soil,calcisol+solonetz,73.7274639588,48.4393970389,247.05478260869563,2.886231884057971,29.743200000000005,3.3277500000000004,may,12.75,11.76,0.9900000000000002,24.445792610014816,1.33,1.388447987492246,9.841039773230788,0.15094503736046358,6.37,6.196666666666666,174.03333333333333,2015-05-29 11:50:00,334.4566666666667,3.552546085052017,822.0,0,334.4566666666667,3.552546085052017,822.0,149,0,8.842105263157894,0.07764705882352943
33,batystau village,shrub cover,817.191,temperate grassland,steppe soil,calcisol+solonetz,73.7274639588,48.4393970389,247.05478260869563,2.886231884057971,29.743200000000005,3.3277500000000004,sep,13.41,12.96,0.47,19.763080438838536,1.57,1.679216414402838,10.5,0.16103814406900271,7.3933333333333335,6.763333333333333,240.26666666666665,2015-09-24 17:10:00,334.4566666666667,3.552546085052017,822.0,0,334.4566666666667,3.552546085052017,822.0,267,1,8.254777070063694,0.035048471290082026
34,aksu-ayuly village,shrub cover,729.876,temperate grassland,steppe soil,calcisol+solonetz,73.6725950148,48.8766289596,267.6408695652174,2.415507246376811,22.705799999999996,2.71215,may,13.435,12.59,0.8450000000000006,26.914409101432376,1.2149999999999999,1.3797013978136352,10.409000141971735,0.1708953519714959,6.493333333333333,6.8066666666666675,153.46666666666667,2015-05-29 13:15:00,346.94,3.413250593173937,734.0,0,346.94,3.413250593173937,734.0,149,0,10.362139917695474,0.06289542240416826
34,aksu-ayuly village,shrub cover,729.876,temperate grassland,steppe soil,calcisol+solonetz,73.6725950148,48.8766289596,267.6408695652174,2.415507246376811,22.705799999999996,2.71215,sep,9.32,9.23,0.06,43.19782495267107,0.99,1.9039060636080614,10.49,0.17220331789881896,7.086666666666666,6.906666666666666,239.6,2015-09-24 17:50:00,346.94,3.413250593173937,734.0,0,346.94,3.413250593173937,734.0,267,1,9.323232323232324,0.006437768240343348
35,kyzylkoy village,grass cover,659.52,temperate grassland,steppe soil,calcisol+solonetz,73.4302000143,49.2811479885,292.7008695652174,2.5162318840579734,30.038400000000003,2.8999125,may,12.265,12.085,0.17999999999999972,29.05792607225772,1.145,1.7129259309097442,14.353703454512777,0.21373372962822743,6.326666666666667,6.446666666666666,145.26666666666668,2015-05-29 14:00:00,370.02333333333337,3.614135791202774,661.0,0,370.02333333333337,3.614135791202774,661.0,149,0,10.55458515283843,0.014675907052588644
35,kyzylkoy village,grass cover,659.52,temperate grassland,steppe soil,calcisol+solonetz,73.4302000143,49.2811479885,292.7008695652174,2.5162318840579734,30.038400000000003,2.8999125,sep,14.31,13.44,0.43,11.517429795708379,1.4500000000000002,1.2651727824742602,18.99,0.2828099415780597,6.56,6.3,195.1,2015-09-24 18:36:00,370.02333333333337,3.614135791202774,661.0,0,370.02333333333337,3.614135791202774,661.0,267,1,9.268965517241378,0.03004891684136967
36,near karaganda city,grass cover,563.0,temperate grassland,steppe soil,kastanozem,73.0359840207,49.9588400312,309.1669565217391,2.9454347826086917,41.16165000000001,3.4780875000000004,may,20.815,19.636666666666667,1.1783333333333346,46.75076625369354,1.48,1.3896367690877454,13.147701932015915,0.1802202392303518,6.783333333333334,7.316666666666666,263.3333333333333,2015-05-29 16:25:00,356.72333333333336,3.486074101113342,563.0,0,356.72333333333336,3.486074101113342,563.0,149,0,13.268018018018019,0.05660981663864206
36,near karaganda city,grass cover,563.0,temperate grassland,steppe soil,kastanozem,73.0359840207,49.9588400312,309.1669565217391,2.9454347826086917,41.16165000000001,3.4780875000000004,sep,21.48,20.03,1.4499999999999993,40.78341239505589,1.905,1.3518345633335016,12.62,0.17292839290697345,7.483333333333333,7.263333333333333,573.4666666666667,2015-09-25 10:45:00,356.72333333333336,3.486074101113342,563.0,0,356.72333333333336,3.486074101113342,563.0,268,1,10.514435695538058,0.06750465549348228
37,oshgandy village,crop cover,555.023,temperate grassland,steppe soil,kastanozem,72.7697229758,50.2963719796,314.7434782608696,2.6939855072463756,34.301625,3.4738124999999997,may,26.725,25.85,0.875,54.86302023624442,2.635,0.9999551503735142,25.376481315409382,0.24548450929947113,7.010000000000001,7.443333333333334,339.03333333333336,2015-05-29 17:20:00,377.5033333333333,3.4305803978828258,551.0,0,377.5033333333333,3.4305803978828258,551.0,149,0,9.81024667931689,0.032740879326473335
37,oshgandy village,crop cover,555.023,temperate grassland,steppe soil,kastanozem,72.7697229758,50.2963719796,314.7434782608696,2.6939855072463756,34.301625,3.4738124999999997,sep,26.424999999999997,23.575,2.849999999999998,32.37437089737925,2.1399999999999997,0.9347851818054089,13.46,0.13022584428147105,7.19,7.4366666666666665,395.9666666666667,2015-09-25 11:50:00,377.5033333333333,3.4305803978828258,551.0,0,377.5033333333333,3.4305803978828258,551.0,268,1,11.016355140186917,0.10785241248817401
38,anar village,crop cover,445.994,temperate grassland,steppe soil,kastanozem,72.4297229759,50.6459890399,322.3095652173913,2.394710144927537,36.48375,3.8925,may,20.314999999999998,19.349999999999998,0.9649999999999999,37.78980932133321,1.4900000000000002,1.5508528667326948,13.841507403739167,0.20693546827900797,6.5200000000000005,6.8066666666666675,261.43333333333334,2015-05-29 18:25:00,366.5066666666667,3.813122832633692,444.0,0,366.5066666666667,3.813122832633692,444.0,149,0,12.98657718120805,0.04750184592665518
38,anar village,crop cover,445.994,temperate grassland,steppe soil,kastanozem,72.4297229759,50.6459890399,322.3095652173913,2.394710144927537,36.48375,3.8925,sep,17.775,16.215,1.5599999999999987,25.918026698703052,1.9699999999999998,1.4392184065595182,9.82,0.1468634518281802,6.486666666666667,6.513333333333333,339.43333333333334,2015-09-25 13:40:00,366.5066666666667,3.813122832633692,444.0,0,366.5066666666667,3.813122832633692,444.0,268,1,8.230964467005077,0.08776371308016871
39,30 km to astana city,grass cover,389.0,temperate shrubland,planted shrubland,kastanozem,71.9463800266,50.9737079591,311.0017391304347,2.7411594202898537,39.483000000000004,3.8758500000000002,may,28.939999999999998,18.66,10.279999999999998,45.874986763079484,2.0650000000000004,1.2362992466439102,22.731297084755607,0.27255527913220107,6.94666666666667,7.633333333333333,322.8666666666666,2015-05-29 19:20:00,382.0833333333333,3.825953641175397,389.0,0,382.0833333333333,3.825953641175397,389.0,149,0,9.036319612590797,0.3552176917760884
39,30 km to astana city,grass cover,389.0,temperate shrubland,planted shrubland,kastanozem,71.9463800266,50.9737079591,311.0017391304347,2.7411594202898537,39.483000000000004,3.8758500000000002,sep,30.535,21.935000000000002,8.599999999999998,16.10244008985194,2.2415000000000003,1.1617625791566162,23.13,0.27737599250976386,7.16,7.6933333333333325,408.43333333333334,2015-09-25 14:35:00,382.0833333333333,3.825953641175397,389.0,0,382.0833333333333,3.825953641175397,389.0,268,1,9.785857684586215,0.2816440150646798
40,near astana city,grass cover,363.714,temperate grassland,steppe soil,kastanozem,71.6382310074,51.1242069583,319.61391304347825,2.6685507246376794,41.801249999999996,3.0405750000000005,may,9.635000000000002,8.025,1.6100000000000012,69.31303374390575,0.7849999999999999,1.6833080507826201,12.32770568840521,0.174727498352694,6.746666666666667,7.126666666666668,184.4333333333333,2015-05-29 20:00:00,363.8733333333333,3.981118817302427,362.0,0,363.8733333333333,3.981118817302427,362.0,149,0,10.222929936305734,0.16709911779968872
40,near astana city,grass cover,363.714,temperate grassland,steppe soil,kastanozem,71.6382310074,51.1242069583,319.61391304347825,2.6685507246376794,41.801249999999996,3.0405750000000005,sep,21.1,19.625,1.4750000000000014,20.057928283608753,2.0700000000000003,1.1514043053485619,8.01,0.11346515337149413,6.933333333333334,7.34,524.5,2015-09-25 15:20:00,363.8733333333333,3.981118817302427,362.0,0,363.8733333333333,3.981118817302427,362.0,268,1,9.480676328502414,0.06990521327014225
